symbol,date,direction,conviction,route,entry_price,exit_price,qty,exit_reason,pnl,pnl_pct,gap_pct,vol_ratio
FCX,2024-01-24,long,normal,shares,39.18,38.93,510,eod,-132.6,-0.0066,6.49,2.39
RMD,2024-01-25,long,normal,shares,185.88,180.85357142857143,107,stop,-538.9,-0.0269,10.35,2.98
SOFI,2024-01-29,long,high,options,8.86,8.86,28,stop,-992.32,-0.9923,15.75,6.17
SLB,2024-01-30,short,high,options,47.04,47.04,5,eod,-780.8,-0.7808,-8.12,3.68
TER,2024-01-31,short,high,options,96.05,96.05,2,stop,-768.4,-0.7684,-8.7,3.77
EW,2024-01-31,long,high,options,75.2,75.2,3,eod,-318.9,-0.3189,5.22,3.02
ALGN,2024-02-01,long,high,options,309.5,309.5,1,stop,-1238.0,-1.238,13.35,5.9
CHRW,2024-02-01,short,high,options,74.52,74.52,3,eod,-102.24,-0.1022,-7.81,5.97
AFL,2024-02-01,short,high,options,77.17,77.17,3,eod,-176.04,-0.176,-6.48,5.59
EL,2024-02-05,long,high,options,150.43,150.43,1,stop,-601.72,-0.6017,18.89,4.06
SNAP,2024-02-07,short,high,options,12.17,12.17,20,stop,-973.6,-0.9736,-31.06,6.92
RBLX,2024-02-07,long,high,options,45.5835,45.5835,5,stop,-911.67,-0.9117,9.88,6.62
EXPE,2024-02-09,short,high,options,132.37,132.37,1,eod,-401.98,-0.402,-18.1,8.62
AFRM,2024-02-09,short,normal,shares,45.4,49.386764285714285,440,stop,-1758.58,-0.0879,-6.07,2.89
MHK,2024-02-09,short,normal,shares,103.11,108.73232857142858,193,stop,-1087.04,-0.0544,-3.67,2.59
DXCM,2024-02-09,short,normal,shares,125.0,121.75675714285714,160,target,517.32,0.0259,-3.19,2.09
ANET,2024-02-13,short,normal,shares,64.91,63.94499999999999,308,trail,294.14,0.0147,-8.19,2.82
UPST,2024-02-14,short,high,options,28.32,28.32,8,stop,-906.24,-0.9062,-10.69,3.09
DASH,2024-02-16,short,high,options,116.55,116.55,2,eod,-652.4,-0.6524,-11.4,5.51
COIN,2024-02-16,long,normal,shares,191.24,178.88273571428573,104,stop,-1286.2,-0.0643,14.11,2.79
DLR,2024-02-16,short,high,options,133.51,133.51,1,eod,-259.54,-0.2595,-5.79,3.2
WMT,2024-02-20,long,normal,shares,57.75,58.08,346,target,110.72,0.0055,4.77,4.06
EQT,2024-02-21,long,normal,shares,33.7,34.41142857142859,593,target,415.95,0.0208,4.72,2.58
RIVN,2024-02-22,short,high,options,12.62,12.62,19,eod,223.63,0.2236,-22.16,5.8
MRNA,2024-02-22,long,normal,shares,93.25,94.82594999999999,214,trail,335.11,0.0168,4.88,3.23
RIVN,2024-02-23,short,normal,shares,11.17,10.469724999999999,1790,trail,1235.59,0.0618,-4.63,3.02
PANW,2024-02-23,long,normal,shares,135.38,136.915,147,trail,224.17,0.0112,3.41,2.37
DPZ,2024-02-26,long,high,options,446.8,446.8,1,eod,-1726.2,-1.7262,6.77,4.48
NCLH,2024-02-27,long,high,options,17.37,17.37,14,trail,-128.52,-0.1285,11.05,4.31
PANW,2024-02-27,long,normal,shares,159.25,161.17555,125,trail,239.44,0.012,4.83,2.66
EXR,2024-02-28,short,normal,shares,122.47,126.87857142857143,163,stop,-720.23,-0.036,-3.37,2.18
NTAP,2024-03-01,long,high,options,101.05,101.05,2,trail,-364.4,-0.3644,18.81,8.25
HPE,2024-03-01,short,normal,shares,13.84,14.06642857142857,1445,stop,-341.64,-0.0171,-4.57,3.39
DECK,2024-03-04,long,normal,shares,157.31,155.44,127,eod,-238.76,-0.0119,2.87,2.16
TGT,2024-03-05,long,high,options,151.28,151.28,1,eod,-375.12,-0.3751,10.34,6.33
ALB,2024-03-05,short,high,options,117.66,117.66,2,eod,-206.28,-0.2063,-8.37,5.67
SOFI,2024-03-05,short,high,options,7.86,7.86,31,stop,-974.64,-0.9746,-5.94,4.47
CINF,2024-03-06,long,normal,shares,108.42,110.88285714285713,184,stop,451.33,0.0226,5.33,2.9
PNC,2024-03-06,short,normal,shares,144.25,141.75500000000002,138,stop,342.93,0.0171,-4.07,3.39
SWKS,2024-03-06,long,normal,shares,95.13,96.90428571428572,210,target,370.5,0.0185,3.56,3.06
DXCM,2024-03-06,long,normal,shares,125.59,126.28685,159,trail,109.21,0.0055,3.55,2.67
NVDA,2024-03-08,long,normal,shares,95.15,95.85035,210,trail,144.97,0.0072,2.67,2.04
BA,2024-03-11,short,normal,shares,193.3398,192.89059999999998,103,trail,45.24,0.0023,-2.16,2.24
LUV,2024-03-12,short,high,options,29.24,29.24,8,eod,-303.68,-0.3037,-8.99,6.41
MMM,2024-03-12,long,high,options,77.35,77.35,3,stop,-928.2,-0.9282,6.53,3.59
ADM,2024-03-12,long,normal,shares,53.29,53.39685,375,trail,36.32,0.0018,3.95,2.34
BA,2024-03-12,short,normal,shares,187.58,184.3564,106,eod,340.64,0.017,-2.21,2.75
GEHC,2024-03-13,short,normal,shares,86.52,88.19,231,eod,-388.08,-0.0194,-4.64,3.63
FCX,2024-03-13,long,normal,shares,40.29,42.03,496,eod,858.08,0.0429,2.94,2.45
DG,2024-03-14,long,high,options,160.32,160.32,1,stop,-641.28,-0.6413,5.03,3.76
LEN,2024-03-14,short,normal,shares,141.63,140.04969999999997,141,trail,221.41,0.0111,-2.24,2.88
JBL,2024-03-15,short,high,options,127.58,127.58,1,stop,-510.32,-0.5103,-12.7,7.68
ADBE,2024-03-15,short,high,options,496.58,496.58,1,eod,-1777.32,-1.7773,-12.41,4.75
RBLX,2024-03-18,short,normal,shares,37.71,37.13885,530,trail,297.41,0.0149,-3.37,2.06
ACN,2024-03-21,short,normal,shares,351.51,333.0799999999999,56,target,1031.52,0.0516,-4.32,4.96
LULU,2024-03-22,short,high,options,410.8599,410.8599,1,eod,-1277.94,-1.2779,-13.07,15.39
FDX,2024-03-22,long,high,options,278.26,278.26,1,stop,-1113.04,-1.113,7.99,4.56
NKE,2024-03-22,short,high,options,88.4,88.4,2,stop,-707.2,-0.7072,-6.92,4.86
MKC,2024-03-26,long,high,options,71.24,71.24,3,eod,-497.88,-0.4979,7.03,3.26
STX,2024-03-26,long,normal,shares,90.74,92.6491,220,trail,417.8,0.0209,6.0,2.28
CTAS,2024-03-27,long,normal,shares,164.61,170.27695,121,trail,684.49,0.0342,3.97,3.39
CCL,2024-03-27,short,normal,shares,16.26,17.071428571428573,1230,stop,-1010.36,-0.0505,-2.48,3.82
CVS,2024-04-02,short,normal,shares,68.78,67.35539999999999,290,trail,410.23,0.0205,-5.89,2.65
PAYX,2024-04-02,short,normal,shares,108.35,111.02357142857142,184,stop,-493.78,-0.0247,-4.15,2.59
ELV,2024-04-02,short,normal,shares,490.07,480.6342857142857,40,target,377.03,0.0189,-2.34,2.11
ULTA,2024-04-03,short,high,options,466.95,466.95,1,eod,-519.3,-0.5193,-9.64,4.85
CAG,2024-04-04,long,normal,shares,27.71,27.15714285714286,721,stop,-405.82,-0.0203,6.95,2.75
TNA,2024-04-10,short,normal,shares,36.17,36.35,552,eod,-104.88,-0.0052,-7.5,2.07
KMX,2024-04-10,short,normal,shares,80.175,79.15,249,eod,252.73,0.0126,-3.44,2.07
REG,2024-04-10,short,normal,shares,54.52,54.43,366,eod,29.28,0.0015,-2.44,2.29
GL,2024-04-11,short,high,options,96.11,96.11,2,target_2x,840.12,0.8401,-6.15,26.06
FAST,2024-04-11,short,normal,shares,34.52,33.7589,579,trail,434.89,0.0217,-3.21,3.04
STZ,2024-04-11,long,normal,shares,260.59,255.45642857142855,76,stop,-390.91,-0.0195,2.29,3.4
ANET,2024-04-12,short,normal,shares,69.65,69.5072,287,trail,38.11,0.0019,-5.5,2.33
ZTS,2024-04-12,short,normal,shares,150.48,147.4186,132,trail,402.78,0.0201,-4.23,3.47
GS,2024-04-15,long,normal,shares,395.06,382.9442857142857,50,stop,-606.29,-0.0303,4.49,2.9
MTB,2024-04-15,long,normal,shares,131.33,136.03,152,target,712.88,0.0356,4.0,2.56
UNH,2024-04-16,long,normal,shares,459.58,450.41357142857146,43,stop,-394.59,-0.0197,6.99,2.69
TRV,2024-04-17,short,high,options,199.38,199.38,1,stop,-797.52,-0.7975,-7.64,5.31
UAL,2024-04-17,long,high,options,44.89,44.89,5,eod,72.2,0.0722,7.11,7.36
EFX,2024-04-18,short,high,options,211.59,211.59,1,stop,-846.36,-0.8464,-9.27,4.89
GPC,2024-04-18,long,high,options,151.4,151.4,1,stop,-605.6,-0.6056,8.2,4.58
LVS,2024-04-18,short,normal,shares,45.75,44.32505,437,trail,618.33,0.0309,-4.27,6.29
NUE,2024-04-23,short,high,options,171.86,171.86,1,stop,-687.44,-0.6874,-7.27,4.73
WAB,2024-04-24,long,high,options,161.19,161.19,1,eod,-614.26,-0.6143,9.28,4.01
HAS,2024-04-24,long,high,options,59.25,59.25,4,eod,-784.0,-0.784,9.22,4.87
IBM,2024-04-25,short,high,options,158.76,158.76,1,eod,-635.04,-0.635,-8.63,4.85
LUV,2024-04-25,short,high,options,25.36,25.36,9,stop,-912.96,-0.913,-8.27,4.49
AON,2024-04-26,short,high,options,265.31,265.31,1,stop,-1061.24,-1.0612,-11.48,4.97
SOFI,2024-04-29,short,high,options,7.34,7.34,34,eod,-505.24,-0.5052,-6.35,3.61
DPZ,2024-04-29,long,high,options,525.31,525.31,1,stop,-2101.24,-2.1012,6.26,3.09
GEHC,2024-04-30,short,high,options,80.42,80.42,3,stop,-965.04,-0.965,-8.89,5.91
PCAR,2024-04-30,short,normal,shares,99.81,99.29744999999998,181,trail,90.96,0.005,-4.97,2.97
CVS,2024-05-01,short,high,options,51.6,51.6,4,stop,-825.6,-0.8256,-17.3,8.15
CDW,2024-05-01,short,high,options,215.91,215.91,1,stop,-863.64,-0.8636,-7.38,3.78
AMCR,2024-05-01,long,high,options,43.4,43.4,5,stop,-868.0,-0.868,6.94,3.73
QRVO,2024-05-02,short,high,options,102.07,102.07,2,eod,-176.56,-0.1766,-8.9,4.92
APTV,2024-05-02,long,high,options,75.47,75.47,3,eod,-557.64,-0.5576,8.13,3.46
DASH,2024-05-02,short,high,options,116.925,116.925,2,eod,-662.9,-0.6629,-8.01,6.67
AMGN,2024-05-03,long,high,options,297.53,297.53,1,stop,-1190.12,-1.1901,12.57,4.23
EXPE,2024-05-03,short,high,options,119.51,119.51,2,eod,-423.08,-0.4231,-10.12,7.66
FTNT,2024-05-03,short,high,options,61.585,61.585,4,eod,-444.36,-0.4444,-5.12,3.66
TSN,2024-05-06,short,normal,shares,55.9,53.43975,293,trail,717.92,0.0437,-2.14,6.1
DIS,2024-05-07,short,high,options,104.43,104.43,2,eod,-710.44,-0.7104,-7.92,6.75
IFF,2024-05-07,long,normal,shares,90.6,91.01,183,eod,73.2,0.0044,4.44,3.25
MTCH,2024-05-08,short,high,options,27.81,27.81,8,stop,-889.92,-0.8899,-8.1,4.68
LYFT,2024-05-08,long,normal,shares,17.46,18.0255,941,trail,522.73,0.0318,4.94,3.1
EQIX,2024-05-09,long,high,options,765.12,765.12,1,stop,-3060.48,-3.0605,12.31,3.21
HOOD,2024-05-09,long,high,options,19.02,19.02,13,stop,-989.04,-0.989,6.68,4.89
GEN,2024-05-10,long,high,options,22.07,22.07,11,eod,-674.08,-0.6741,10.46,3.54
AKAM,2024-05-10,short,high,options,93.165,93.165,2,stop,-745.32,-0.7453,-8.06,7.21
PODD,2024-05-10,long,normal,shares,183.185,187.14015,83,trail,327.45,0.0214,2.44,4.13
HOOD,2024-05-14,long,normal,shares,17.78,18.113854500000002,846,trail,273.98,0.0182,5.21,2.47
UPST,2024-05-14,long,normal,shares,29.47,29.604174999999998,511,trail,63.45,0.0042,3.86,2.27
NCLH,2024-05-20,long,normal,shares,16.6799,16.9123515,907,trail,201.76,0.0133,4.63,2.02
JCI,2024-05-20,long,normal,shares,70.42,68.75999999999999,215,stop,-359.05,-0.0237,4.01,2.26
CCL,2024-05-20,long,normal,shares,15.44,15.51375,980,trail,62.48,0.0041,2.61,2.13
KEYS,2024-05-21,short,normal,shares,151.05,144.8811,100,trail,615.89,0.0407,-4.06,4.52
TGT,2024-05-22,short,high,options,131.0,131.0,1,stop,-524.0,-0.524,-9.79,5.46
LULU,2024-05-22,short,normal,shares,303.7183,299.63,50,eod,203.92,0.0134,-4.98,5.18
TJX,2024-05-22,long,normal,shares,99.96,102.65428571428568,152,target,408.01,0.0267,4.51,2.73
NVDA,2024-05-23,long,normal,shares,102.42,104.61685,149,trail,325.84,0.0213,7.46,2.14
ANET,2024-05-23,short,normal,shares,76.02,75.87124999999999,201,trail,27.89,0.0018,-3.53,2.47
DECK,2024-05-24,long,high,options,169.12,169.12,1,stop,-676.48,-0.6765,12.18,3.15
INTU,2024-05-24,short,high,options,611.6,611.6,1,eod,-1864.4,-1.8644,-6.23,4.06
AAL,2024-05-29,short,high,options,12.06,12.06,20,eod,-526.7,-0.5267,-9.52,6.19
UNH,2024-05-29,short,normal,shares,470.44,463.56064999999995,31,trail,212.95,0.0144,-2.25,2.66
NOW,2024-05-30,short,high,options,138.05,138.05,1,eod,-84.7,-0.0847,-5.48,4.6
HPQ,2024-05-30,long,normal,shares,32.8,33.95295,447,trail,510.9,0.0348,4.89,5.8
ELV,2024-05-31,long,normal,shares,511.98,522.83,28,eod,303.52,0.0205,3.26,4.63
HPE,2024-05-31,short,normal,shares,17.05,16.94035,866,trail,86.3,0.0058,-3.28,2.82
BBWI,2024-06-04,short,high,options,43.76,43.76,5,stop,-875.2,-0.8752,-8.38,4.72
CPB,2024-06-05,short,normal,shares,39.51,40.86214285714286,370,stop,-503.99,-0.0344,-2.12,2.92
LYFT,2024-06-06,long,high,options,17.035,17.035,14,stop,-953.96,-0.954,8.5,3.44
HBAN,2024-06-10,short,normal,shares,12.15,11.814599999999999,1176,trail,382.67,0.0268,-2.56,4.65
AFRM,2024-06-11,long,high,options,33.38,33.38,7,stop,-934.64,-0.9346,7.85,3.6
NEE,2024-06-11,short,normal,shares,71.05,69.09104999999998,202,trail,393.69,0.0274,-2.16,2.22
ORCL,2024-06-12,long,high,options,133.32,133.32,1,eod,-308.28,-0.3083,8.73,4.82
AFRM,2024-06-12,long,high,options,36.44,36.44,6,trail,-364.56,-0.3646,6.51,4.11
UPST,2024-06-12,long,normal,shares,25.97,26.747675,548,trail,420.69,0.0295,6.58,2.42
IVZ,2024-06-12,long,normal,shares,14.53,14.58785,980,trail,46.89,0.0033,4.1,2.0
ADBE,2024-06-14,long,high,options,532.29,532.29,1,stop,-2129.16,-2.1292,15.59,4.35
MU,2024-06-18,long,normal,shares,151.53,153.9555,90,trail,217.39,0.0159,2.65,2.62
KR,2024-06-18,long,normal,shares,50.52,50.13,270,eod,-108.0,-0.0079,2.46,2.16
GILD,2024-06-20,long,normal,shares,62.6,62.7839,218,trail,37.91,0.0028,2.97,3.53
MU,2024-06-21,short,normal,shares,136.37,138.47,100,eod,-211.0,-0.0154,-4.54,2.76
KMX,2024-06-21,long,normal,shares,74.7,71.79007142857142,183,stop,-534.35,-0.039,3.34,3.06
RMD,2024-06-24,short,high,options,186.24,186.24,1,stop,-744.96,-0.745,-7.71,3.85
AFRM,2024-06-24,long,normal,shares,31.2681,31.94355,432,trail,287.47,0.0213,3.78,2.01
PNR,2024-06-25,short,normal,shares,73.83,72.99,181,eod,150.23,0.0112,-4.3,2.78
FDX,2024-06-26,long,high,options,282.72,282.72,1,stop,-1130.88,-1.1309,12.5,6.68
APTV,2024-06-26,short,high,options,66.72,66.72,3,stop,-800.64,-0.8006,-8.82,3.12
IP,2024-06-27,short,high,options,39.09,39.09,6,stop,-938.16,-0.9382,-9.92,7.17
MU,2024-06-27,short,normal,shares,133.32,132.20374999999999,97,trail,107.31,0.0083,-4.62,2.83
RIVN,2024-06-27,short,normal,shares,13.895,13.865204499999997,932,trail,18.45,0.0014,-5.29,2.21
HUM,2024-06-28,long,normal,shares,367.13,374.93039999999996,34,trail,264.87,0.0208,2.76,4.79
UNH,2024-06-28,long,normal,shares,484.63,492.88,26,eod,214.24,0.0168,2.04,5.76
SYF,2024-06-28,long,normal,shares,44.06,45.00465,289,trail,270.11,0.0212,2.12,2.39
TSLA,2024-07-02,long,normal,shares,221.1373,227.66127699999998,58,trail,377.81,0.0292,4.3,2.66
GLW,2024-07-08,long,high,options,39.58,39.58,6,trail,-382.92,-0.3829,6.4,4.32
PTC,2024-07-09,short,normal,shares,180.61,175.05071428571432,71,target,394.0,0.0304,-3.69,3.12
DAL,2024-07-11,short,high,options,42.04,42.04,5,stop,-840.8,-0.8408,-8.22,4.31
UAL,2024-07-11,short,normal,shares,44.53,45.64,292,eod,-327.04,-0.0251,-5.09,2.39
AAL,2024-07-11,short,normal,shares,10.556,10.525549999999999,1235,trail,25.26,0.0019,-4.22,2.84
WFC,2024-07-12,short,normal,shares,53.79,54.4,237,eod,-146.94,-0.0115,-6.57,2.85
BK,2024-07-12,long,normal,shares,60.77,62.15,209,eod,286.33,0.0224,2.69,2.56
RJF,2024-07-16,short,normal,shares,114.68,111.26,111,eod,378.51,0.0296,-3.01,3.42
UNH,2024-07-16,long,normal,shares,522.51,531.61,24,eod,218.16,0.0171,3.6,2.35
TZA,2024-07-16,short,normal,shares,13.89,13.621299999999998,920,trail,238.0,0.0186,-2.79,2.4
LRCX,2024-07-17,short,normal,shares,100.1,95.22,129,eod,628.23,0.0483,-5.29,2.3
INTC,2024-07-17,long,normal,shares,35.88,36.2086,362,trail,115.33,0.0089,5.04,2.4
NFLX,2024-07-19,long,normal,shares,67.0,64.54857142857144,196,stop,-482.44,-0.0366,2.74,3.04
AXP,2024-07-19,short,normal,shares,238.05,237.99719999999996,55,trail,2.35,0.0002,-2.97,2.08
VZ,2024-07-22,short,normal,shares,36.07,35.32,362,eod,267.88,0.0205,-4.01,3.1
NXPI,2024-07-22,long,normal,shares,269.72,277.21,48,eod,359.04,0.0275,2.44,2.17
MSCI,2024-07-23,long,normal,shares,538.44,555.277142857143,24,target,403.85,0.0305,8.69,2.6
FTV,2024-07-24,short,high,options,46.2,46.2,5,stop,-924.0,-0.924,-7.39,3.47
ENPH,2024-07-24,long,high,options,113.65,113.65,2,stop,-909.2,-0.9092,5.42,3.51
GOOGL,2024-07-24,short,normal,shares,172.24,171.52,77,eod,54.67,0.0041,-4.51,2.38
WST,2024-07-25,short,high,options,279.98,279.98,1,stop,-1119.92,-1.1199,-12.78,6.08
TER,2024-07-25,short,high,options,125.69,125.69,1,stop,-502.76,-0.5028,-10.51,3.56
DXCM,2024-07-26,short,high,options,65.31,65.31,3,stop,-783.72,-0.7837,-38.8,19.39
DECK,2024-07-26,long,high,options,162.5,162.5,1,stop,-650.0,-0.65,14.06,3.36
CHTR,2024-07-26,long,high,options,359.14,359.14,1,eod,-1012.56,-1.0126,13.49,3.34
MMM,2024-07-26,long,high,options,110.83,110.83,2,trail,-414.64,-0.4146,8.99,9.84
RVTY,2024-07-29,long,normal,shares,122.65,117.80285714285715,95,stop,-461.43,-0.0392,5.47,2.46
HWM,2024-07-30,long,normal,shares,92.06,92.8461,126,trail,97.79,0.0084,11.7,2.73
PYPL,2024-07-30,long,high,options,63.47,63.47,3,stop,-761.64,-0.7616,6.5,4.4
SWK,2024-07-30,long,normal,shares,98.39,99.56,118,eod,136.88,0.0118,7.98,2.66
GLW,2024-07-30,short,normal,shares,37.78,37.01705,308,trail,231.91,0.0199,-7.34,2.64
MRNA,2024-08-01,short,high,options,98.735,98.735,2,stop,-789.88,-0.7899,-16.47,6.99
AFL,2024-08-01,long,high,options,100.99,100.99,2,stop,-807.92,-0.8079,9.44,3.96
FMC,2024-08-01,long,high,options,59.39,59.39,4,trail,-296.24,-0.2962,8.55,4.29
INTC,2024-08-02,short,high,options,21.51,21.51,11,eod,-841.94,-0.8419,-24.46,5.0
SNPS,2024-08-02,short,high,options,504.765,504.765,1,stop,-2019.06,-2.0191,-6.78,3.28
HOOD,2024-08-05,short,high,options,14.45,14.45,17,stop,-982.6,-0.9826,-17.79,3.34
TQQQ,2024-08-05,short,normal,shares,24.26,26.722857142857144,427,stop,-1055.91,-0.1017,-16.03,2.22
SQQQ,2024-08-05,long,normal,shares,257.06,243.30357142857142,40,stop,-550.66,-0.0531,16.28,2.13
KVUE,2024-08-06,long,normal,shares,18.87,19.09915,515,trail,112.86,0.0116,10.79,2.6
PLTR,2024-08-06,long,normal,shares,27.4143,26.52,354,eod,-320.12,-0.0329,12.29,2.16
FTNT,2024-08-07,long,high,options,66.7999,66.7999,3,trail,-284.83,-0.2848,17.69,4.38
LYFT,2024-08-07,short,high,options,9.0,9.0,27,stop,-972.0,-0.972,-15.68,4.91
ABNB,2024-08-07,short,high,options,111.38,111.38,2,stop,-891.04,-0.891,-13.82,6.23
MNST,2024-08-08,short,high,options,44.24,44.24,5,stop,-884.8,-0.8848,-11.18,4.88
EPAM,2024-08-08,short,high,options,190.0,190.0,1,stop,-760.0,-0.76,-7.26,3.62
AKAM,2024-08-09,long,high,options,98.575,98.575,2,eod,-495.1,-0.4951,7.03,4.55
EXPE,2024-08-09,long,normal,shares,128.78,128.4,67,eod,-26.13,-0.003,10.2,2.78
TTWO,2024-08-09,long,normal,shares,144.765,144.82,60,eod,2.7,0.0003,2.42,2.45
K,2024-08-14,long,high,options,76.69,76.69,3,eod,-879.78,-0.8798,7.35,12.02
CSCO,2024-08-15,long,normal,shares,47.48,47.50655,176,trail,2.91,0.0003,7.3,2.25
DLTR,2024-08-29,short,normal,shares,85.86,88.85642857142857,97,stop,-291.62,-0.0348,-8.88,2.73
NTAP,2024-08-29,short,normal,shares,120.51,119.64819999999999,69,trail,58.77,0.007,-5.18,2.67
ULTA,2024-08-30,short,high,options,342.9936,342.9936,1,stop,-1371.97,-1.372,-6.39,3.46
ADSK,2024-08-30,long,normal,shares,272.4,265.91409285714286,30,stop,-194.88,-0.0234,4.56,3.17
DLTR,2024-09-04,short,high,options,72.21,72.21,3,eod,467.1,0.4671,-10.85,10.98
HRL,2024-09-04,short,normal,shares,27.9,28.56642857142857,284,stop,-192.11,-0.0242,-9.93,2.82
CNC,2024-09-04,short,normal,shares,73.59,75.26589285714286,107,stop,-180.39,-0.0227,-7.63,2.22
ZBH,2024-09-05,short,high,options,106.55,106.55,2,eod,-747.4,-0.7474,-5.08,3.99
HPE,2024-09-05,short,normal,shares,16.37,16.948571428571427,486,stop,-286.05,-0.036,-8.64,2.54
ODFL,2024-09-05,short,normal,shares,183.58,183.13645,43,trail,18.64,0.0023,-4.3,2.19
COR,2024-09-05,short,normal,shares,234.62,232.78009999999998,33,trail,60.39,0.0076,-2.27,2.29
AVGO,2024-09-06,short,high,options,139.92,139.92,1,eod,-307.68,-0.3077,-6.26,3.41
HPE,2024-09-10,short,high,options,15.51,15.51,16,stop,-992.64,-0.9926,-6.86,5.62
ALB,2024-09-11,long,normal,shares,87.93,83.70071428571428,84,stop,-356.1,-0.0482,14.74,2.32
FSLR,2024-09-11,long,normal,shares,216.87,223.9102,34,trail,239.03,0.0323,3.5,3.9
MRNA,2024-09-12,short,high,options,67.57,67.57,3,stop,-810.84,-0.8108,-14.61,6.56
GILD,2024-09-12,long,normal,shares,80.77,79.47,91,eod,-119.21,-0.0162,2.57,2.1
ADBE,2024-09-13,short,high,options,530.12,530.12,1,stop,-2120.48,-2.1205,-9.2,5.24
QRVO,2024-09-16,short,normal,shares,103.4,100.90114999999999,63,trail,156.8,0.0238,-2.74,2.43
BKR,2024-09-19,long,normal,shares,34.64,35.37135,191,trail,137.78,0.0208,2.65,2.28
FDX,2024-09-20,short,high,options,253.3,253.3,1,eod,-724.2,-0.7242,-13.19,15.11
CEG,2024-09-20,long,high,options,237.01,237.01,1,stop,-948.04,-0.948,12.79,5.9
VST,2024-09-20,long,high,options,99.99,99.99,2,stop,-799.92,-0.7999,7.76,4.48
VST,2024-09-23,long,normal,shares,110.1,111.72855,55,trail,89.02,0.0147,2.29,2.55
WYNN,2024-09-24,long,normal,shares,82.89,83.39009999999999,73,trail,35.78,0.0059,4.18,2.45
MCK,2024-09-24,short,normal,shares,484.01,474.59369999999996,12,trail,112.88,0.0186,-3.47,2.85
GPN,2024-09-25,short,normal,shares,99.21,96.20169999999999,61,trail,182.9,0.0299,-2.94,4.04
MU,2024-09-26,long,high,options,113.7,113.7,2,stop,-909.6,-0.9096,18.09,4.53
LUV,2024-09-26,long,high,options,29.85,29.85,8,stop,-955.2,-0.9552,6.51,3.71
LVS,2024-09-27,long,normal,shares,48.5,48.96435,117,trail,53.16,0.0093,3.3,2.35
UHS,2024-09-30,short,normal,shares,218.69,214.86534999999998,26,trail,99.18,0.0174,-2.55,2.8
PAYX,2024-10-01,long,normal,shares,131.06,129.0692857142857,43,stop,-86.03,-0.015,2.6,3.3
NKE,2024-10-02,short,normal,shares,79.86,82.01357142857144,71,stop,-153.61,-0.0269,-7.01,2.49
RBLX,2024-10-08,short,high,options,37.62,37.62,6,stop,-902.88,-0.9029,-9.04,4.51
NCLH,2024-10-09,long,normal,shares,21.84,22.768275,249,trail,228.65,0.042,3.85,2.18
UBER,2024-10-11,long,high,options,82.3,82.3,3,eod,-380.1,-0.3801,5.24,4.04
LYFT,2024-10-11,long,normal,shares,13.32,13.3328615,413,trail,1.18,0.0002,3.63,2.96
WFC,2024-10-11,long,normal,shares,58.12,59.07,94,eod,88.36,0.0161,3.81,2.16
UPST,2024-10-14,long,normal,shares,48.876,51.8504,111,trail,329.05,0.0606,3.55,2.54
COIN,2024-10-14,long,normal,shares,181.86,190.58765,29,trail,252.81,0.0465,2.72,2.38
UNH,2024-10-15,short,high,options,530.82,530.82,1,stop,-2123.28,-2.1233,-8.82,4.21
WBA,2024-10-15,long,high,options,9.616,9.616,25,trail,-281.6,-0.2816,6.68,4.38
ENPH,2024-10-15,short,normal,shares,98.0,92.04,56,eod,333.2,0.0597,-2.54,3.06
USB,2024-10-16,long,normal,shares,46.99,46.63,107,eod,-39.59,-0.0078,3.68,3.92
UAL,2024-10-16,long,normal,shares,66.38,69.42280000000001,76,trail,230.49,0.0456,2.11,4.73
CFG,2024-10-16,short,normal,shares,39.29,40.95928571428571,128,stop,-214.95,-0.0425,-2.65,2.29
CNC,2024-10-17,short,high,options,62.5,62.5,4,eod,-1000.0,-1.0,-9.09,3.54
TRV,2024-10-17,long,normal,shares,250.64,259.46,20,eod,176.2,0.0349,4.14,2.67
NFLX,2024-10-18,long,high,options,74.2,74.2,3,eod,-560.4,-0.578,7.26,5.34
CVS,2024-10-18,short,high,options,56.05,56.05,4,eod,-896.8,-0.925,-6.49,3.4
ISRG,2024-10-18,long,normal,shares,506.65,521.15,9,eod,130.41,0.0269,4.7,3.47
AXP,2024-10-18,short,normal,shares,271.03,270.10165,17,trail,15.61,0.0032,-3.14,3.23
KVUE,2024-10-21,long,normal,shares,21.66,21.58,208,eod,-18.72,-0.0041,5.67,2.88
GPC,2024-10-22,short,high,options,114.88,114.88,1,eod,-100.02,-0.1108,-15.85,8.59
GE,2024-10-22,short,high,options,182.45,182.45,1,eod,-391.8,-0.4339,-5.01,4.44
VZ,2024-10-22,short,normal,shares,38.49,38.163999999999994,117,trail,36.97,0.0082,-4.13,3.1
MMM,2024-10-22,long,normal,shares,136.03,134.495,33,stop,-50.98,-0.0113,3.97,4.37
MCD,2024-10-23,short,high,options,281.75,281.75,1,stop,-1127.0,-1.2839,-6.97,7.52
STX,2024-10-23,short,high,options,102.28,102.28,2,eod,-673.24,-0.767,-6.13,4.71
CSGP,2024-10-23,short,high,options,70.635,70.635,3,stop,-847.62,-0.9657,-5.77,6.54
NTRS,2024-10-23,long,high,options,97.24,97.24,2,eod,-647.92,-0.7381,5.39,3.6
MOH,2024-10-24,long,high,options,332.28,332.28,1,stop,-1329.12,-1.8642,18.18,4.28
WST,2024-10-24,long,high,options,323.43,323.43,1,trail,-350.22,-0.4912,14.33,3.56
WHR,2024-10-24,long,high,options,98.81,98.81,1,stop,-395.24,-0.5544,6.81,4.61
DECK,2024-10-25,long,high,options,169.44,169.44,1,stop,-677.76,-1.1125,11.78,4.54
DLR,2024-10-25,long,high,options,178.67,178.67,1,stop,-714.68,-1.1731,11.71,4.44
MHK,2024-10-25,short,high,options,138.145,138.145,1,eod,-189.33,-0.3108,-11.17,5.15
WDC,2024-10-25,long,high,options,49.72,49.72,3,stop,-596.64,-0.9793,9.45,3.86
FFIV,2024-10-29,long,high,options,243.06,243.06,1,stop,-972.24,-1.9432,10.84,5.76
CDNS,2024-10-29,long,high,options,276.11,276.11,1,eod,-687.44,-1.374,8.77,3.08
SWK,2024-10-29,short,high,options,88.65,88.65,1,eod,-354.6,-0.7087,-7.94,6.17
F,2024-10-29,short,high,options,9.567,9.567,13,eod,-432.48,-0.8644,-7.39,3.4
QRVO,2024-10-30,short,high,options,74.67,74.67,1,stop,-298.68,-0.7902,-22.36,8.93
GRMN,2024-10-30,long,high,options,182.81,182.81,1,eod,176.76,0.4676,11.92,3.99
GOOG,2024-10-30,long,high,options,182.65,182.65,1,stop,-730.6,-1.9329,6.58,3.54
EL,2024-10-31,short,high,options,64.38,64.38,1,stop,-257.52,-0.7679,-24.38,8.95
PAYC,2024-10-31,long,high,options,189.32,189.32,1,trail,-284.78,-0.8492,10.12,4.86
ETSY,2024-10-31,long,high,options,52.97,52.97,1,stop,-211.88,-0.6318,9.31,3.26
CHTR,2024-11-01,long,high,options,365.985,365.985,1,eod,-1438.69,-4.8334,10.07,4.71
CPT,2024-11-01,short,normal,shares,106.56,106.76142857142857,13,stop,-2.75,-0.0018,-5.18,2.91
ADM,2024-11-05,short,high,options,47.77,47.77,1,stop,-191.08,-0.8471,-8.68,3.76
CRL,2024-11-06,long,high,options,215.0,215.0,1,trail,-382.5,-1.7706,21.36,3.27
COF,2024-11-06,long,high,options,180.94,180.94,1,trail,-298.26,-1.3807,14.6,4.37
COIN,2024-11-06,long,high,options,219.2,219.2,1,trail,-405.3,-1.8762,14.19,3.09
MTCH,2024-11-07,short,high,options,31.98,31.98,1,stop,-127.92,-0.791,-15.28,7.18
MRNA,2024-11-07,long,high,options,55.4,55.4,1,stop,-221.6,-1.3702,9.25,3.73
ABNB,2024-11-08,short,high,options,137.3001,137.3001,1,eod,-426.2,-2.9546,-8.62,5.13
AKAM,2024-11-08,short,high,options,97.78,97.78,1,eod,-86.62,-0.6005,-6.22,5.85
BMY,2024-11-11,long,high,options,51.12,51.12,1,trail,97.52,0.8222,12.17,3.03
ABBV,2024-11-11,short,high,options,188.47,188.47,1,eod,328.62,2.7707,-10.49,3.78
UPST,2024-11-12,short,normal,shares,70.75,70.3495485,9,trail,3.51,0.005,-8.23,2.29
LYV,2024-11-12,long,normal,shares,130.25,131.0049015,5,trail,3.72,0.0053,4.93,3.05
RIVN,2024-11-13,long,high,options,11.6885,11.6885,3,stop,-140.26,-0.9999,11.06,3.94
AMAT,2024-11-15,short,normal,shares,166.72,170.94571428571427,3,stop,-12.71,-0.0191,-9.5,2.72
MRNA,2024-11-15,short,normal,shares,39.0,37.80367499999999,17,trail,20.17,0.0303,-3.07,3.25
PLTR,2024-11-15,long,normal,shares,60.48,62.43915,11,trail,21.44,0.0322,3.09,2.37
INCY,2024-11-19,short,high,options,68.34,68.34,1,stop,-273.36,-2.0293,-12.81,4.9
AMCR,2024-11-20,long,normal,shares,46.65,47.45,12,eod,9.48,0.0157,2.83,4.54
EQT,2024-11-20,long,normal,shares,43.89,46.13428571428571,13,target,29.05,0.048,2.0,2.61
NTAP,2024-11-22,long,high,options,132.6,132.6,1,stop,-530.4,-4.3134,6.65,3.22
BBWI,2024-11-25,long,high,options,34.85,34.85,1,stop,-139.4,-1.4454,18.92,5.5
AMGN,2024-11-26,short,high,options,250.6,250.6,1,stop,-1002.4,-11.2029,-10.13,5.42
ADSK,2024-11-27,short,normal,shares,292.5,300.31595714285714,1,stop,-7.83,-0.0398,-7.79,2.25
INTC,2024-12-02,long,normal,shares,24.96,25.06825,7,trail,0.69,0.0035,3.28,2.1
CRM,2024-12-04,long,high,options,369.73,369.73,1,stop,-1478.92,-37.9215,10.68,3.62
AAL,2024-12-05,long,high,options,15.86,15.86,1,eod,28.06,-0.8029,7.59,4.91
SNPS,2024-12-05,short,high,options,545.5,545.5,1,eod,-660.75,18.9075,-7.39,5.82
FI,2024-12-05,short,normal,shares,198.58,206.42252857142856,1,stop,-7.85,0.0449,-5.95,2.95
LULU,2024-12-06,long,high,options,376.61,376.61,1,trail,-349.94,5.225,9.34,6.01
OMC,2024-12-09,short,normal,shares,96.18,95.8414285714286,1,target,0.33,-0.0008,-4.4,6.25
ORCL,2024-12-09,long,normal,shares,192.4,189.0964285714286,1,stop,-3.31,0.0078,2.4,2.53
GOOGL,2024-12-10,long,normal,shares,181.93,182.7175,1,trail,0.78,-0.0018,4.26,2.09
AVGO,2024-12-13,long,high,options,209.66,209.66,1,eod,-188.14,2.2244,18.4,5.22
UPST,2024-12-13,long,normal,shares,80.52,83.8826,1,trail,3.35,-0.0079,4.06,2.1
AVGO,2024-12-16,long,normal,shares,229.31,240.60595,1,trail,11.29,-0.0241,3.11,3.95
AVGO,2024-12-17,short,normal,shares,245.68,239.2457142857143,1,target,6.42,-0.0138,-3.74,2.14
GIS,2024-12-18,short,normal,shares,59.43,60.63785714285714,1,stop,-1.22,0.0026,-4.28,3.4
CI,2024-12-18,long,normal,shares,263.61,268.89428571428573,1,target,5.27,-0.0114,4.09,2.16
LW,2024-12-19,short,high,options,61.54,61.54,1,stop,-246.16,2.6545,-15.67,5.67
MU,2024-12-19,short,high,options,91.7,91.7,1,eod,-98.8,1.0654,-13.3,4.21
LLY,2024-12-20,long,normal,shares,814.13,785.1564285714286,1,stop,-28.98,0.0527,7.1,2.82
AMGN,2024-12-20,long,normal,shares,261.99,253.15571428571425,1,stop,-8.84,0.0161,2.99,2.94
RIVN,2025-01-03,long,normal,shares,13.68,13.87865,1,trail,0.19,-0.0003,4.98,3.43
MRNA,2025-01-07,long,normal,shares,44.22,46.757556,1,trail,2.53,-0.0045,3.12,2.87
STZ,2025-01-10,short,high,options,205.16,205.16,1,eod,687.36,-6.1517,-7.38,5.13
PCG,2025-01-10,short,high,options,18.68,18.68,1,eod,2.78,-0.0249,-6.65,5.19
MRNA,2025-01-13,short,high,options,33.8,33.8,1,stop,-135.2,1.7506,-21.18,3.87
BLDR,2025-01-15,long,normal,shares,159.4535,161.26238571428573,1,stop,1.8,-0.0043,7.49,2.27
WFC,2025-01-15,long,normal,shares,72.27,72.13499999999999,1,stop,-0.15,0.0003,5.85,2.23
GS,2025-01-15,long,normal,shares,571.39,571.6192857142858,1,stop,0.22,-0.0005,4.63,2.59
C,2025-01-15,long,normal,shares,74.4,74.6039,1,trail,0.19,-0.0005,3.67,3.49
PNC,2025-01-16,short,normal,shares,187.96,182.82857142857142,1,stop,5.12,-0.0122,-7.45,2.56
TGT,2025-01-16,short,normal,shares,125.41,125.22,1,stop,0.18,-0.0004,-4.47,2.13
JBHT,2025-01-17,short,high,options,169.74,169.74,1,stop,-678.96,8.1196,-6.02,4.35
STT,2025-01-17,short,normal,shares,94.62,94.75714285714285,1,stop,-0.15,0.0004,-4.81,2.02
WBA,2025-01-21,short,normal,shares,11.7,10.9511395,1,trail,0.74,-0.0013,-6.39,2.02
SCHW,2025-01-21,long,normal,shares,78.52,80.0017,1,trail,1.47,-0.0025,3.16,2.93
NFLX,2025-01-22,long,high,options,100.0,100.0,1,stop,-400.0,3.4053,14.75,4.26
ORCL,2025-01-22,long,high,options,188.79,188.79,1,stop,-755.16,6.4288,10.98,5.52
EA,2025-01-23,short,high,options,117.83,117.83,1,stop,-471.32,2.6898,-17.46,8.48
AAL,2025-01-23,short,high,options,17.52,17.52,1,stop,-70.08,0.3999,-7.29,3.75
GE,2025-01-23,long,normal,shares,202.07,202.8903,1,trail,0.81,-0.0009,6.93,2.75
CEG,2025-01-27,short,high,options,296.9,296.9,1,eod,159.9,-0.7906,-15.82,3.7
AVGO,2025-01-27,short,high,options,214.89,214.89,1,eod,-74.06,0.3662,-12.79,3.57
GEV,2025-01-28,long,high,options,352.16,352.16,1,stop,-1408.64,7.1158,6.49,3.08
TER,2025-01-30,short,high,options,117.93,117.93,1,eod,-334.22,1.2453,-16.43,3.63
WHR,2025-01-30,short,high,options,106.56,106.56,1,eod,-179.24,0.6678,-14.47,5.61
UPS,2025-01-30,short,high,options,106.27,106.27,1,stop,-425.08,1.5838,-12.25,9.67
IBM,2025-01-30,long,high,options,243.22,243.22,1,stop,-972.88,3.6248,9.35,4.15
ALGN,2025-02-03,short,normal,shares,212.585,212.49532499999998,1,trail,0.08,-0.0,-2.38,2.25
PLTR,2025-02-04,long,high,options,103.81,103.81,1,stop,-415.24,1.1409,22.76,3.22
MRK,2025-02-04,short,high,options,88.56,88.56,1,eod,-265.74,0.7301,-10.81,4.48
PYPL,2025-02-04,short,high,options,81.97,81.97,1,stop,-327.88,0.9009,-8.11,6.95
JCI,2025-02-05,long,normal,shares,82.42,84.35214285714287,1,stop,1.92,-0.0009,12.7,2.86
TPR,2025-02-06,long,high,options,83.99,83.99,1,stop,-335.96,0.8109,19.58,3.28
RL,2025-02-06,long,high,options,274.03,274.03,1,stop,-1096.12,2.6457,14.66,3.46
EXPE,2025-02-07,long,high,options,190.09,190.09,1,trail,-357.86,0.7365,12.84,5.08
LYFT,2025-02-12,short,high,options,12.5,12.5,1,stop,-50.0,0.0992,-14.7,5.09
KHC,2025-02-12,short,normal,shares,25.79,26.172142857142855,1,stop,-0.39,0.0002,-6.91,2.08
MGM,2025-02-13,long,high,options,37.9,37.9,1,trail,-40.6,0.0802,12.16,3.89
HOOD,2025-02-13,long,high,options,63.7504,63.7504,1,stop,-255.0,0.5036,11.05,3.4
ZTS,2025-02-13,short,high,options,155.72,155.72,1,stop,-622.88,1.2302,-6.83,4.69
ZBRA,2025-02-13,short,high,options,336.0,336.0,1,stop,-1344.0,2.6544,-6.64,3.07
DVA,2025-02-14,short,high,options,160.34,160.34,1,eod,-517.73,0.8358,-13.02,8.93
ABNB,2025-02-14,long,high,options,159.85,159.85,1,stop,-639.4,1.0322,12.16,4.63
PLTR,2025-02-20,short,normal,shares,108.25,103.19931428571428,1,target,5.04,-0.0015,-8.17,2.61
UNH,2025-02-21,short,high,options,434.57,434.57,1,stop,-1738.28,2.5674,-12.51,5.11
LYV,2025-02-21,long,normal,shares,154.05,155.18685714285715,1,target,1.13,-0.0003,2.92,2.56
RIVN,2025-02-24,short,normal,shares,12.65,11.911024999999999,1,trail,0.73,-0.0002,-3.66,2.02
SOLV,2025-02-25,long,normal,shares,77.35,77.36690714285714,1,stop,0.01,-0.0,3.53,4.23
AXON,2025-02-26,long,high,options,567.0,567.0,1,eod,-1916.5,2.5089,17.78,3.17
KEYS,2025-02-26,short,normal,shares,164.47,161.60279999999997,1,target,2.86,-0.0007,-6.07,2.71
FSLR,2025-02-26,long,normal,shares,152.69,161.3188,1,target,8.62,-0.0023,4.88,2.97
CCL,2025-03-04,short,normal,shares,22.73,21.67025,1,trail,1.05,-0.0002,-3.15,2.37
CPB,2025-03-05,short,normal,shares,36.47,36.022349999999996,1,trail,0.44,-0.0001,-4.9,2.52
COO,2025-03-07,short,normal,shares,85.025,84.31604999999999,1,trail,0.7,-0.0002,-5.28,2.98
AVGO,2025-03-07,long,normal,shares,197.13,191.24,1,eod,-5.9,0.0014,4.61,2.78
HOOD,2025-03-10,short,normal,shares,40.32,38.43805,1,trail,1.87,-0.0004,-7.87,2.08
TQQQ,2025-03-10,short,normal,shares,31.71,30.470299999999998,1,trail,1.23,-0.0003,-5.06,2.25
EMR,2025-03-10,short,normal,shares,111.54,110.01,1,eod,1.52,-0.0004,-4.65,2.02
ISRG,2025-03-10,short,normal,shares,502.55,493.6350999999999,1,trail,8.9,-0.0021,-2.77,3.28
DXCM,2025-03-10,short,normal,shares,74.62,72.2477,1,trail,2.36,-0.0005,-3.98,2.01
ORCL,2025-03-11,short,normal,shares,141.63,139.31889999999999,1,trail,2.3,-0.0005,-3.61,2.79
IVZ,2025-03-12,long,normal,shares,14.99,14.65,1,eod,-0.35,0.0001,2.19,2.32
ADBE,2025-03-13,short,high,options,400.21,400.21,1,eod,-519.34,0.605,-7.6,4.76
CCI,2025-03-14,long,normal,shares,97.39,99.79,1,eod,2.39,-0.0005,7.21,2.97
INCY,2025-03-17,short,high,options,59.5882,59.5882,1,stop,-238.35,0.2695,-11.58,3.3
AFRM,2025-03-17,short,high,options,45.74,45.74,1,stop,-182.96,0.2069,-7.13,4.1
ACN,2025-03-20,short,high,options,288.99,288.99,1,stop,-1155.96,1.2768,-8.73,3.22
DRI,2025-03-20,long,normal,shares,192.49,194.2026,1,trail,1.7,-0.0004,5.45,2.5
LEN,2025-03-21,short,high,options,110.8,110.8,1,stop,-443.2,0.4602,-5.91,4.43
MU,2025-03-21,short,normal,shares,97.21,95.38969999999999,1,trail,1.81,-0.0004,-4.66,3.11
NUE,2025-03-21,short,normal,shares,123.06,119.48579999999998,1,trail,3.56,-0.0007,-3.29,3.76
CTAS,2025-03-26,long,normal,shares,204.64,207.43115,1,trail,2.78,-0.0006,5.72,2.07
DLTR,2025-03-27,long,normal,shares,72.085,74.37735,1,trail,2.28,-0.0005,2.24,3.22
LULU,2025-03-28,short,high,options,296.77,296.77,1,stop,-1187.08,1.2055,-11.85,7.08
WRB,2025-03-28,long,high,options,69.38,69.38,1,trail,-113.52,0.1153,6.86,5.15
MRNA,2025-03-31,short,normal,shares,28.095,27.25275,1,trail,0.83,-0.0002,-7.17,2.21
LW,2025-04-03,long,high,options,57.91,57.91,1,stop,-231.64,0.2207,10.69,4.11
SWK,2025-04-03,short,high,options,68.24,68.24,1,eod,20.04,-0.0191,-7.51,3.45
GEHC,2025-04-04,short,high,options,61.58,61.58,1,stop,-246.32,0.2323,-11.99,4.46
TNA,2025-04-07,short,high,options,18.57,18.57,1,stop,-74.28,0.0693,-11.33,3.53
TQQQ,2025-04-07,short,high,options,18.22,18.22,1,stop,-72.88,0.0679,-10.57,3.6
SQQQ,2025-04-07,long,normal,shares,265.22,269.36795,1,trail,4.14,-0.0008,10.52,2.38
HUM,2025-04-08,long,high,options,289.67,289.67,1,stop,-1158.68,1.0731,14.69,3.39
UNH,2025-04-08,long,normal,shares,571.56,558.1885714285714,1,stop,-13.38,0.0025,10.95,2.57
SQQQ,2025-04-08,short,normal,shares,213.7,209.81064999999998,1,trail,3.88,-0.0007,-10.11,2.11
TQQQ,2025-04-08,long,normal,shares,22.63,22.891399999999997,1,trail,0.25,-0.0,10.04,2.06
DAL,2025-04-09,long,normal,shares,37.0,37.587599999999995,1,trail,0.58,-0.0001,2.85,2.86
APA,2025-04-10,short,normal,shares,14.83,13.85475,1,trail,0.97,-0.0002,-5.97,2.71
STZ,2025-04-10,short,normal,shares,171.02,177.5557142857143,1,stop,-6.55,0.0012,-4.07,2.64
HII,2025-04-11,long,normal,shares,206.15,210.8294,1,trail,4.67,-0.0008,3.87,2.04
JBHT,2025-04-16,short,normal,shares,125.89,123.79954999999998,1,trail,2.08,-0.0004,-5.26,2.09
UNH,2025-04-17,short,high,options,470.93,470.93,1,stop,-1883.72,1.6553,-17.62,4.98
SNA,2025-04-17,short,normal,shares,307.7,298.0243,1,trail,9.67,-0.0017,-4.93,3.66
COF,2025-04-21,long,normal,shares,167.91,162.88,1,eod,-5.04,0.0008,3.87,2.26
ENPH,2025-04-23,short,high,options,46.09,46.09,1,stop,-184.36,0.1496,-11.36,6.3
MAS,2025-04-23,short,normal,shares,55.5,61.22785714285714,1,stop,-5.74,0.0009,-3.96,2.24
NOW,2025-04-24,long,normal,shares,180.2,185.31789999999998,1,trail,5.11,-0.0008,10.78,2.94
ALLE,2025-04-24,long,normal,shares,140.15,133.72785714285715,1,stop,-6.43,0.001,10.4,2.19
HAS,2025-04-24,long,normal,shares,55.99,57.4058,1,trail,1.41,-0.0002,7.53,2.88
IBM,2025-04-24,short,normal,shares,222.88,222.51844999999997,1,trail,0.35,-0.0001,-5.83,2.98
TMUS,2025-04-25,short,normal,shares,238.12,228.91,1,eod,9.2,-0.0015,-7.26,2.85
ODFL,2025-04-25,short,normal,shares,147.05,146.07879999999997,1,trail,0.96,-0.0002,-6.05,2.1
REGN,2025-04-29,short,normal,shares,546.83,565.87,1,eod,-19.05,0.0031,-8.04,2.38
PCAR,2025-04-29,short,normal,shares,83.74,88.02428571428572,1,stop,-4.29,0.0007,-5.84,2.33
LH,2025-04-29,short,normal,shares,218.33,227.97714285714287,1,stop,-9.66,0.0016,-3.37,2.38
SNAP,2025-04-30,short,high,options,7.7,7.7,1,stop,-30.8,0.0248,-14.52,3.63
SBUX,2025-04-30,short,high,options,73.67,73.67,1,stop,-294.68,0.2371,-10.0,3.22
GRMN,2025-04-30,short,normal,shares,178.1,184.55,1,eod,-6.46,0.001,-8.88,2.54
BDX,2025-05-01,short,high,options,142.83,142.83,1,eod,20.68,-0.0164,-9.3,5.17
PWR,2025-05-01,long,normal,shares,323.63,324.6166,1,trail,0.98,-0.0002,9.4,2.41
TTWO,2025-05-02,short,high,options,213.07,213.07,1,stop,-852.28,0.6774,-8.81,4.28
DXCM,2025-05-02,long,normal,shares,75.27,80.04982857142853,1,target,4.77,-0.0008,7.12,2.21
HOLX,2025-05-02,short,normal,shares,54.8774,53.26719999999999,1,trail,1.6,-0.0003,-3.44,2.19
ZBH,2025-05-05,short,normal,shares,97.02,92.1214,1,trail,4.89,-0.0008,-2.73,2.99
ON,2025-05-05,short,normal,shares,39.3834,38.270574999999994,1,trail,1.1,-0.0002,-3.33,2.0
VRTX,2025-05-06,short,high,options,459.44,459.44,1,eod,-1367.26,1.0516,-6.92,4.91
DASH,2025-05-06,short,normal,shares,193.75,190.31747349999998,1,trail,3.42,-0.0005,-5.67,2.36
CTRA,2025-05-06,short,normal,shares,23.74,22.265714285714285,1,target,1.46,-0.0002,-3.33,4.04
CEG,2025-05-06,long,normal,shares,259.05,262.2661,1,trail,3.21,-0.0005,4.25,2.04
CLX,2025-05-06,short,normal,shares,127.23,130.82,1,eod,-3.6,0.0006,-3.18,2.41
DIS,2025-05-07,long,high,options,101.46,101.46,1,stop,-405.84,0.2966,11.12,3.22
ROK,2025-05-07,long,normal,shares,276.2,277.42524999999995,1,trail,1.22,-0.0002,10.65,2.15
DAY,2025-05-07,short,normal,shares,54.665,53.338249999999995,1,trail,1.32,-0.0002,-6.01,2.84
FTNT,2025-05-08,short,high,options,97.02,97.02,1,stop,-388.08,0.2795,-8.55,3.31
TAP,2025-05-08,short,high,options,49.96,49.96,1,stop,-199.84,0.1439,-7.9,3.24
AXON,2025-05-08,long,high,options,668.47,668.47,1,eod,-1755.88,1.2647,7.4,3.09
PODD,2025-05-09,long,high,options,306.01,306.01,1,stop,-1224.04,0.813,14.02,4.62
LYFT,2025-05-09,long,high,options,15.145,15.145,1,trail,-6.33,0.0042,12.73,8.75
EXPE,2025-05-09,short,high,options,149.0,149.0,1,stop,-596.0,0.3959,-9.7,3.1
AFRM,2025-05-09,short,high,options,50.05,50.05,1,stop,-200.2,0.133,-6.93,4.76
AKAM,2025-05-09,short,normal,shares,80.725,76.25,1,eod,4.46,-0.0006,-2.86,3.54
NRG,2025-05-12,long,high,options,137.27,137.27,1,trail,-116.08,0.0722,14.8,4.56
SWK,2025-05-12,long,normal,shares,69.17,69.43265,1,trail,0.25,-0.0,12.5,2.27
ZBRA,2025-05-12,long,normal,shares,297.745,300.11,1,eod,2.36,-0.0003,8.71,2.52
AFRM,2025-05-12,long,normal,shares,50.02,50.89495,1,trail,0.86,-0.0001,7.68,2.51
COIN,2025-05-13,long,high,options,232.325,232.325,1,eod,355.45,-0.2205,11.82,5.07
ENPH,2025-05-13,short,normal,shares,44.42,45.5,1,eod,-1.09,0.0001,-5.57,2.89
UNH,2025-05-14,long,normal,shares,314.88,300.98857142857145,1,stop,-13.9,0.0017,3.23,3.3
DE,2025-05-15,long,normal,shares,519.03,511.08,1,eod,-7.96,0.001,3.99,2.91
CSCO,2025-05-15,long,normal,shares,62.53,63.60144999999999,1,trail,1.06,-0.0001,2.91,3.14
WMT,2025-05-15,short,normal,shares,93.19,92.96385,1,trail,0.22,-0.0,-2.61,2.63
AMAT,2025-05-16,short,normal,shares,165.24,163.12064999999998,1,trail,2.11,-0.0003,-3.61,2.44
COIN,2025-05-16,long,normal,shares,253.75,261.8918,1,trail,8.13,-0.001,2.17,6.59
PANW,2025-05-21,short,normal,shares,182.675,181.81695,1,trail,0.85,-0.0001,-5.0,4.12
PSX,2025-05-21,short,normal,shares,113.54,110.14779999999999,1,trail,3.38,-0.0004,-3.51,2.26
NEE,2025-05-22,short,normal,shares,65.81,63.102549999999994,1,trail,2.7,-0.0003,-3.7,3.1
AES,2025-05-22,short,normal,shares,9.432,9.27507,1,trail,0.15,-0.0,-2.77,2.22
DECK,2025-05-23,short,high,options,96.96,96.96,1,stop,-387.84,0.2432,-22.33,6.84
CPRT,2025-05-23,short,high,options,56.99,56.99,1,eod,-61.96,0.0389,-5.31,4.88
CRM,2025-05-29,short,normal,shares,255.33,265.92,1,eod,-10.6,0.0013,-4.51,4.67
LYV,2025-05-29,short,normal,shares,135.9,136.15,1,eod,-0.26,0.0,-3.07,4.55
SNPS,2025-05-29,long,normal,shares,477.715,478.685375,1,trail,0.96,-0.0001,2.29,3.8
REGN,2025-05-30,short,high,options,508.0,508.0,1,eod,-1085.5,0.671,-14.49,5.1
ULTA,2025-05-30,long,high,options,477.8,477.8,1,stop,-1911.2,1.1814,10.99,6.23
COO,2025-05-30,short,high,options,71.0,71.0,1,eod,-139.5,0.0862,-9.98,4.25
SWK,2025-05-30,short,normal,shares,62.58,63.12,1,eod,-0.55,0.0001,-2.01,3.96
STLD,2025-06-02,long,normal,shares,134.91,138.32355,1,trail,3.4,-0.0004,10.18,2.4
OMC,2025-06-02,short,normal,shares,69.1,68.51,1,eod,0.58,-0.0001,-2.69,2.57
DG,2025-06-03,long,high,options,106.7,106.7,1,eod,-211.3,0.1191,10.07,4.31
DLTR,2025-06-04,short,high,options,89.38,89.38,1,eod,-319.52,0.179,-5.99,4.19
DLTR,2025-06-05,long,normal,shares,92.9,95.93900000000001,1,trail,3.03,-0.0003,3.15,2.72
WBD,2025-06-09,long,high,options,10.7883,10.7883,1,stop,-43.15,0.024,8.15,4.15
ISRG,2025-06-09,short,normal,shares,527.0,498.96055714285717,1,target,28.03,-0.0031,-4.59,3.52
SJM,2025-06-10,short,high,options,101.07,101.07,1,eod,63.22,-0.0351,-6.12,12.95
LMT,2025-06-11,short,normal,shares,452.95,441.42349999999993,1,trail,11.52,-0.0013,-2.67,2.84
BRO,2025-06-11,short,normal,shares,102.17,103.86,1,eod,-1.7,0.0002,-2.08,13.47
AMD,2025-06-16,long,normal,shares,118.941,127.58689999999999,1,target,8.64,-0.001,2.13,2.79
ENPH,2025-06-17,short,high,options,35.1499,35.1499,1,eod,-129.1,0.0718,-21.35,4.73
JBL,2025-06-17,long,normal,shares,191.69,197.0,1,trail,5.3,-0.0006,2.42,5.39
UPST,2025-06-18,long,normal,shares,55.83,58.8045985,1,trail,2.96,-0.0003,3.98,2.28
ACN,2025-06-20,short,high,options,273.19,273.19,1,stop,-1092.76,0.6059,-8.14,4.01
KR,2025-06-20,long,normal,shares,67.13,69.1742857142857,1,target,2.03,-0.0002,4.09,5.15
COIN,2025-06-20,long,normal,shares,306.6277,308.0,1,eod,1.36,-0.0002,2.81,3.16
BLDR,2025-06-20,long,normal,shares,110.0,114.82,1,eod,4.81,-0.0005,2.6,3.85
NTRS,2025-06-23,long,high,options,117.11,117.11,1,eod,-397.44,0.2139,6.4,8.88
OXY,2025-06-23,long,normal,shares,46.4,45.105714285714285,1,stop,-1.3,0.0001,2.75,2.46
NCLH,2025-06-23,short,normal,shares,18.31,18.035331999999997,1,trail,0.26,-0.0,-2.33,2.33
CCL,2025-06-24,long,normal,shares,25.35,25.984299999999998,1,trail,0.62,-0.0001,4.26,3.05
FDX,2025-06-25,short,normal,shares,215.66,220.25142857142856,1,stop,-4.6,0.0005,-4.76,4.07
PAYX,2025-06-25,short,normal,shares,139.07,135.53295,1,trail,3.53,-0.0004,-4.58,4.94
EQIX,2025-06-26,short,normal,shares,768.51,730.74925,1,trail,37.75,-0.004,-4.04,7.11
NKE,2025-06-27,long,high,options,69.82,69.82,1,eod,-232.28,0.1238,11.6,7.97
EL,2025-06-27,long,normal,shares,81.43,79.23,1,eod,-2.21,0.0002,3.13,2.45
EQIX,2025-06-27,long,normal,shares,755.67,771.5,1,eod,15.82,-0.0017,2.46,2.94
HOOD,2025-06-30,long,normal,shares,86.48,87.5074,1,trail,1.02,-0.0001,3.16,2.66
WYNN,2025-07-01,long,normal,shares,97.78,101.27,1,eod,3.48,-0.0004,3.41,2.47
SNAP,2025-07-01,long,normal,shares,9.04,9.283625,1,trail,0.23,-0.0,3.57,2.2
PKG,2025-07-01,long,normal,shares,191.75,198.22857142857146,1,target,6.47,-0.0007,2.92,2.07
CNC,2025-07-02,short,high,options,37.1898,37.1898,1,eod,17.23,-0.0091,-34.09,18.89
MOH,2025-07-02,short,high,options,267.55,267.55,1,eod,357.3,-0.1894,-12.6,5.21
STZ,2025-07-02,long,normal,shares,167.98,170.15,1,eod,2.16,-0.0002,2.75,2.38
PTC,2025-07-10,short,high,options,197.99,197.99,1,eod,-621.96,0.3331,-5.76,6.42
CAG,2025-07-10,short,high,options,18.29,18.29,1,stop,-73.16,0.0392,-5.15,3.19
ANSS,2025-07-14,long,high,options,394.705,394.705,1,stop,-1578.82,0.83,5.21,7.23
HSIC,2025-07-14,short,normal,shares,70.27,70.20247499999999,1,trail,0.06,-0.0,-4.14,2.07
STT,2025-07-15,short,normal,shares,103.92,105.88642857142857,1,stop,-1.98,0.0002,-4.11,2.75
WFC,2025-07-15,short,normal,shares,79.24,77.61,1,eod,1.62,-0.0002,-3.21,3.01
PLD,2025-07-16,long,normal,shares,111.12,108.32571428571428,1,stop,-2.8,0.0003,3.8,2.85
JNJ,2025-07-16,long,normal,shares,158.41,158.73275,1,trail,0.31,-0.0,3.3,2.68
ABT,2025-07-17,short,normal,shares,124.23,121.02859999999998,1,trail,3.19,-0.0003,-3.94,4.35
UAL,2025-07-17,long,normal,shares,92.6375,92.8461,1,trail,0.2,-0.0,3.86,2.99
PEP,2025-07-17,long,normal,shares,138.48,141.38,1,eod,2.89,-0.0003,4.69,2.38
ELV,2025-07-17,short,normal,shares,325.49,299.25244999999995,1,trail,26.23,-0.0026,-3.06,3.9
CSX,2025-07-17,long,normal,shares,34.11,34.12,1,eod,-0.0,0.0,3.34,2.08
IVZ,2025-07-18,long,normal,shares,17.54,18.52571428571428,1,target,0.98,-0.0001,3.57,7.16
RF,2025-07-18,long,normal,shares,25.1,25.25,1,eod,0.14,-0.0,4.08,2.4
NSC,2025-07-18,long,normal,shares,274.32,272.8,1,eod,-1.53,0.0002,3.05,4.4
SCHW,2025-07-18,long,normal,shares,95.28,94.72,1,eod,-0.57,0.0001,2.8,2.79
DPZ,2025-07-21,long,normal,shares,487.17,475.17928571428575,1,stop,-12.0,0.0012,4.94,3.83
XRAY,2025-07-21,long,normal,shares,15.78,15.230714285714285,1,stop,-0.56,0.0001,3.08,2.3
VZ,2025-07-21,long,normal,shares,40.58,40.9957,1,trail,0.41,-0.0,2.71,2.48
LMT,2025-07-22,short,high,options,411.94,411.94,1,stop,-1647.76,0.8321,-8.2,6.48
IQV,2025-07-22,long,high,options,172.5,172.5,1,trail,-167.0,0.0843,7.78,3.51
PM,2025-07-22,short,high,options,165.08,165.08,1,eod,-569.82,0.2878,-6.02,4.07
FI,2025-07-23,short,high,options,134.96,134.96,1,stop,-539.84,0.2571,-17.46,7.14
LW,2025-07-23,long,high,options,55.36,55.36,1,stop,-221.44,0.1055,14.02,4.22
OTIS,2025-07-23,short,high,options,86.96,86.96,1,stop,-347.84,0.1657,-11.87,6.17
TMO,2025-07-23,long,high,options,479.21,479.21,1,stop,-1916.84,0.913,10.67,3.24
TXN,2025-07-23,short,high,options,188.94,188.94,1,eod,-419.26,0.1997,-9.32,5.28
LKQ,2025-07-24,short,high,options,32.42,32.42,1,eod,-37.68,0.0166,-13.63,9.33
CMG,2025-07-24,short,high,options,45.595,45.595,1,stop,-182.38,0.0803,-12.47,6.08
MOH,2025-07-24,short,high,options,172.3,172.3,1,stop,-689.2,0.3034,-8.96,3.69
EW,2025-07-25,long,high,options,82.095,82.095,1,stop,-328.38,0.1417,7.52,3.86
NEM,2025-07-25,long,normal,shares,63.8,64.78345,1,trail,0.97,-0.0001,3.85,2.56
RVTY,2025-07-28,short,high,options,93.7,93.7,1,stop,-374.8,0.1606,-9.4,3.98
WHR,2025-07-29,short,high,options,81.47,81.47,1,stop,-325.88,0.1385,-12.66,9.91
SOFI,2025-07-29,long,high,options,23.42,23.42,1,trail,-43.07,0.0183,9.94,3.39
CARR,2025-07-29,short,high,options,73.36,73.36,1,eod,-166.94,0.071,-7.86,3.26
GLW,2025-07-29,long,high,options,58.36,58.36,1,trail,-84.94,0.0361,6.25,4.17
TER,2025-07-30,long,high,options,107.06,107.06,1,stop,-428.24,0.1797,16.76,5.56
GNRC,2025-07-30,long,high,options,165.32,165.32,1,stop,-661.28,0.2775,9.04,5.5
RBLX,2025-07-31,long,high,options,150.205,150.205,1,stop,-600.82,0.2465,19.74,3.07
EBAY,2025-07-31,long,high,options,88.78,88.78,1,eod,-257.12,0.1055,13.71,4.29
EMN,2025-08-01,short,high,options,61.7,61.7,1,eod,-44.8,0.0181,-12.18,5.51
IR,2025-08-01,short,high,options,78.47,78.47,1,eod,-136.88,0.0552,-6.42,4.44
KMB,2025-08-01,long,normal,shares,128.94,126.32714285714286,1,stop,-2.62,0.0002,6.47,2.51
IDXX,2025-08-04,long,high,options,670.63,670.63,1,stop,-2682.52,1.0774,23.66,5.99
TSN,2025-08-04,long,normal,shares,53.56,52.402142857142856,1,stop,-1.17,0.0001,4.04,2.29
IT,2025-08-05,short,high,options,242.12,242.12,1,stop,-968.48,0.3691,-27.98,4.82
AXON,2025-08-05,long,high,options,825.0,825.0,1,trail,-1186.5,0.4522,9.82,4.01
ETN,2025-08-05,short,high,options,359.42,359.42,1,eod,-1214.18,0.4627,-6.19,3.19
SNAP,2025-08-06,short,high,options,7.4065,7.4065,1,stop,-29.63,0.0106,-20.13,4.58
MOS,2025-08-06,short,high,options,31.46,31.46,1,stop,-125.84,0.0451,-10.45,4.31
ANET,2025-08-06,long,normal,shares,135.12,139.5,1,eod,4.37,-0.0003,13.27,2.78
EMR,2025-08-06,short,high,options,129.03,129.03,1,stop,-516.12,0.1848,-6.96,4.26
FTNT,2025-08-07,short,high,options,73.83,73.83,1,stop,-295.32,0.1045,-23.07,11.51
LLY,2025-08-07,short,high,options,670.3,670.3,1,eod,-1107.2,0.3918,-9.47,7.08
ABNB,2025-08-07,short,high,options,120.335,120.335,1,stop,-481.34,0.1703,-7.75,4.2
MCHP,2025-08-08,short,normal,shares,59.64,60.56,1,eod,-0.93,0.0001,-7.0,2.29
GEN,2025-08-08,long,normal,shares,29.34,30.592857142857138,1,target,1.24,-0.0001,4.95,3.1
TTWO,2025-08-08,long,normal,shares,237.96,233.55480714285716,1,stop,-4.42,0.0003,4.87,3.23
ALB,2025-08-11,long,normal,shares,85.29,79.32214285714286,1,stop,-5.98,0.0004,12.3,2.31
INTC,2025-08-11,long,normal,shares,20.615,20.7505025,1,trail,0.13,-0.0,2.48,2.05
CE,2025-08-12,short,high,options,38.69,38.69,1,stop,-154.76,0.053,-15.65,6.75
CAH,2025-08-12,short,high,options,139.48,139.48,1,stop,-557.92,0.191,-10.57,4.19
DAL,2025-08-12,long,normal,shares,55.07,58.1,1,eod,3.02,-0.0002,2.29,2.0
KR,2025-08-13,short,normal,shares,69.31,68.6952,1,trail,0.6,-0.0,-4.0,2.68
TPR,2025-08-14,short,high,options,94.44,94.44,1,stop,-377.76,0.1278,-15.49,3.23
DE,2025-08-14,short,high,options,480.07,480.07,1,eod,-1691.28,0.5721,-5.56,4.42
AMCR,2025-08-14,short,normal,shares,44.61,41.534285714285716,1,target,3.07,-0.0002,-4.73,4.52
RBLX,2025-08-15,short,normal,shares,113.63,117.35,1,eod,-3.73,0.0002,-9.14,2.02
KLAC,2025-08-15,short,normal,shares,912.98,899.2493999999999,1,trail,13.72,-0.0009,-3.26,2.01
FSLR,2025-08-18,long,normal,shares,217.955,219.33,1,eod,1.36,-0.0001,4.87,3.38
INTC,2025-08-19,long,normal,shares,25.23,25.9252,1,trail,0.69,-0.0,5.41,2.4
TJX,2025-08-20,long,normal,shares,144.57,140.91642857142855,1,stop,-3.66,0.0002,6.63,2.67
KEYS,2025-08-20,short,normal,shares,154.52,158.51,1,eod,-4.0,0.0003,-4.66,2.91
WMT,2025-08-21,short,normal,shares,98.34,98.28244999999998,1,trail,0.05,-0.0,-3.08,3.36
ES,2025-08-25,short,normal,shares,60.59,60.453399999999995,1,trail,0.13,-0.0,-4.55,2.99
HRL,2025-08-28,short,high,options,23.91,23.91,1,stop,-95.64,0.0313,-14.62,5.13
AFRM,2025-08-29,long,high,options,93.18,93.18,1,trail,-163.73,0.0534,15.01,6.24
GEV,2025-09-02,short,normal,shares,580.62,576.8752499999999,1,trail,3.73,-0.0002,-3.66,2.2
DLTR,2025-09-03,short,high,options,99.375,99.375,1,stop,-397.5,0.1294,-9.47,5.12
GOOGL,2025-09-03,long,high,options,226.34,226.34,1,eod,-715.36,0.2329,7.03,3.45
GOOG,2025-09-03,long,high,options,226.42,226.42,1,eod,-694.68,0.2261,6.84,3.78
WDC,2025-09-03,long,normal,shares,85.35,85.8,1,eod,0.44,-0.0,2.67,2.07
TROW,2025-09-04,long,high,options,113.8,113.8,1,stop,-455.2,0.1439,9.4,4.62
CRM,2025-09-04,short,high,options,237.49,237.49,1,stop,-949.96,0.3004,-6.39,3.44
CPRT,2025-09-05,short,normal,shares,46.85,48.57,1,eod,-1.73,0.0001,-2.42,3.06
WDC,2025-09-05,long,normal,shares,92.4,91.92,1,eod,-0.49,0.0,2.2,3.12
HOOD,2025-09-08,long,normal,shares,111.45,114.9692,1,trail,3.51,-0.0002,9.26,2.74
AVGO,2025-09-08,long,normal,shares,343.28,347.06475,1,trail,3.77,-0.0002,2.35,2.02
FOX,2025-09-09,short,normal,shares,52.97,53.2,1,eod,-0.24,0.0,-4.65,7.99
NWS,2025-09-09,short,normal,shares,32.61,32.35,1,eod,0.25,-0.0,-3.57,12.77
FOXA,2025-09-09,short,normal,shares,58.62,58.49445,1,trail,0.12,-0.0,-4.52,2.27
SNPS,2025-09-10,short,high,options,422.77,422.77,1,eod,45.92,-0.0142,-29.22,18.26
CDNS,2025-09-10,short,normal,shares,343.78,332.19935,1,trail,11.57,-0.0007,-3.67,4.46
AVGO,2025-09-10,long,normal,shares,351.65,365.6714,1,trail,14.01,-0.0009,4.41,2.14
VST,2025-09-10,long,normal,shares,203.11,208.96775,1,trail,5.85,-0.0004,3.48,2.66
SNPS,2025-09-11,long,high,options,420.42,420.42,1,stop,-1681.68,0.5209,7.27,6.92
MU,2025-09-11,long,normal,shares,148.85,153.4039,1,trail,4.54,-0.0003,5.51,2.95
ANET,2025-09-12,short,normal,shares,146.97,145.70325,1,trail,1.26,-0.0001,-2.52,2.16
STX,2025-09-15,long,normal,shares,201.62,209.7459,1,trail,8.12,-0.0005,2.05,2.4
HSY,2025-09-16,long,normal,shares,191.26,186.54142857142855,1,stop,-4.73,0.0003,3.73,2.48
DRI,2025-09-18,short,high,options,187.07,187.07,1,stop,-748.28,0.2259,-7.24,7.23
SNPS,2025-09-18,long,normal,shares,460.815,480.21,1,eod,19.38,-0.0012,8.13,2.34
LEN,2025-09-19,short,normal,shares,125.06,129.525,1,stop,-4.48,0.0003,-4.79,5.15
SNAP,2025-09-22,long,normal,shares,9.0799,9.1211,1,trail,0.03,-0.0,10.05,2.17
KVUE,2025-09-23,long,normal,shares,17.58,16.95,1,eod,-0.64,0.0,5.43,2.16
PCAR,2025-09-26,long,normal,shares,99.11,98.67,1,eod,-0.45,0.0,4.55,2.14
EA,2025-09-26,long,normal,shares,171.89,177.36428571428564,1,target,5.46,-0.0003,2.79,5.33
INTC,2025-09-26,long,normal,shares,35.425,35.711175000000004,1,trail,0.28,-0.0,3.02,2.36
K,2025-09-29,long,normal,shares,81.14,81.39,1,eod,0.24,-0.0,4.82,2.96
CSX,2025-09-29,long,normal,shares,34.91,35.55,1,eod,0.63,-0.0,2.72,2.37
ETSY,2025-09-30,short,normal,shares,71.31,66.8885,1,trail,4.41,-0.0003,-3.3,2.54
AES,2025-10-01,long,high,options,14.59,14.59,1,eod,-38.86,0.0116,13.4,6.26
BMY,2025-10-01,long,normal,shares,44.89,46.86,1,target,1.96,-0.0001,2.0,2.49
RBLX,2025-10-03,short,normal,shares,125.2,122.45975,1,trail,2.73,-0.0002,-6.2,2.17
CMA,2025-10-06,long,high,options,80.81,80.81,1,stop,-323.24,0.0965,14.8,15.25
AMD,2025-10-07,long,normal,shares,217.9,211.9052,1,eod,-6.0,0.0004,5.47,2.14
STZ,2025-10-07,long,normal,shares,142.21,142.78560000000002,1,trail,0.57,-0.0,4.18,2.12
MOS,2025-10-10,short,normal,shares,30.11,30.074449999999995,1,trail,0.03,-0.0,-8.51,2.88
LVS,2025-10-13,short,normal,shares,47.36,46.893,1,trail,0.46,-0.0,-2.24,2.21
WFC,2025-10-14,long,normal,shares,81.78,80.05142857142857,1,stop,-1.74,0.0001,4.56,2.75
PNC,2025-10-15,short,normal,shares,181.61,180.68014999999997,1,trail,0.92,-0.0001,-3.1,4.0
HPE,2025-10-16,short,normal,shares,22.66,22.319849999999995,1,trail,0.33,-0.0,-8.24,2.93
STT,2025-10-17,short,normal,shares,107.3,106.73739999999998,1,trail,0.55,-0.0,-3.81,2.58
TFC,2025-10-17,long,normal,shares,41.35,41.69,1,eod,0.33,-0.0,2.21,2.4
WBD,2025-10-21,long,normal,shares,20.005,20.187575,1,trail,0.17,-0.0,7.42,2.26
DHR,2025-10-21,long,normal,shares,222.6,233.13285714285715,1,target,10.52,-0.0006,7.25,2.19
ISRG,2025-10-22,long,high,options,544.68,544.68,1,stop,-2178.72,0.6473,17.34,3.48
NFLX,2025-10-22,short,high,options,113.35,113.35,1,stop,-453.4,0.1347,-7.93,4.56
MOH,2025-10-23,short,high,options,154.36,154.36,1,stop,-617.44,0.1765,-19.52,7.35
WST,2025-10-23,long,normal,shares,299.88,310.36714285714277,1,target,10.48,-0.0006,8.69,2.97
DOW,2025-10-23,long,normal,shares,23.29,23.433149999999998,1,trail,0.13,-0.0,8.09,2.66
DECK,2025-10-24,short,high,options,87.425,87.425,1,stop,-349.7,0.0991,-13.69,6.17
ITW,2025-10-24,short,normal,shares,245.76,245.55894999999998,1,trail,0.19,-0.0,-3.28,3.15
GD,2025-10-24,long,normal,shares,354.69,350.04785714285714,1,stop,-4.65,0.0003,4.54,2.11
SWKS,2025-10-28,long,high,options,85.26,85.26,1,stop,-341.04,0.0962,12.94,5.41
ARE,2025-10-28,short,high,options,67.66,67.66,1,eod,-7.64,0.0022,-10.39,6.94
QRVO,2025-10-28,long,high,options,102.345,102.345,1,stop,-409.38,0.1155,9.08,8.84
FI,2025-10-29,short,high,options,68.7999,68.7999,1,stop,-275.2,0.0768,-43.44,24.54
TER,2025-10-29,long,high,options,174.47,174.47,1,stop,-697.88,0.1948,17.75,3.95
FMC,2025-10-30,short,high,options,20.65,20.65,1,target_2x,102.4,-0.0282,-24.66,18.76
CHRW,2025-10-30,long,high,options,153.53,153.53,1,stop,-614.12,0.1691,15.64,3.8
BAX,2025-10-30,short,high,options,18.75,18.75,1,stop,-75.0,0.0206,-15.54,4.46
CI,2025-10-30,short,high,options,260.09,260.09,1,stop,-1040.36,0.2864,-11.41,6.87
DXCM,2025-10-31,short,high,options,58.645,58.645,1,stop,-234.58,0.0632,-13.21,5.94
KMB,2025-11-03,short,high,options,100.4,100.4,1,stop,-401.6,0.1078,-12.55,14.19
UBER,2025-11-04,short,high,options,91.95,91.95,1,stop,-367.8,0.0982,-7.77,3.43
AXON,2025-11-05,short,high,options,566.5,566.5,1,stop,-2266.0,0.6021,-20.15,8.4
RIVN,2025-11-05,long,high,options,13.2495,13.2495,1,trail,-5.22,0.0014,6.68,5.82
KMX,2025-11-06,short,high,options,36.4862,36.4862,1,eod,121.87,-0.0314,-11.59,5.24
DASH,2025-11-06,short,high,options,210.6,210.6,1,stop,-842.4,0.2173,-11.24,5.33
EXPE,2025-11-07,long,high,options,247.06,247.06,1,eod,-194.24,0.0496,12.42,4.38
TTWO,2025-11-07,short,high,options,239.35,239.35,1,eod,-636.4,0.1626,-8.07,4.05
DIS,2025-11-13,short,high,options,109.27,109.27,1,eod,-302.58,0.0765,-6.65,5.28
ALB,2025-11-17,long,normal,shares,119.46,123.17425,1,trail,3.7,-0.0002,4.23,2.04
LOW,2025-11-18,short,normal,shares,216.86,220.89,1,eod,-4.04,0.0002,-2.64,2.45
ES,2025-11-19,short,high,options,70.6,70.6,1,eod,12.1,-0.003,-5.54,4.2
TGT,2025-11-19,short,normal,shares,84.89,87.90571428571428,1,stop,-3.03,0.0002,-2.38,2.89
BBWI,2025-11-20,short,high,options,17.1,17.1,1,eod,23.6,-0.0059,-24.62,6.55
REGN,2025-11-20,long,normal,shares,731.12,740.5033,1,trail,9.37,-0.0005,3.29,2.06
INTU,2025-11-21,long,normal,shares,661.78,665.5152499999999,1,trail,3.73,-0.0002,5.05,2.42
AVGO,2025-11-24,long,normal,shares,346.68,374.87,1,eod,28.18,-0.0014,2.21,2.27
BA,2025-12-02,long,normal,shares,193.0538,193.76479285714288,1,stop,0.7,-0.0,6.35,2.75
ULTA,2025-12-05,long,high,options,573.8,573.8,1,trail,-864.7,0.218,8.43,5.45
WBD,2025-12-05,long,normal,shares,24.8604,25.45188571428571,1,target,0.58,-0.0,3.71,5.26
APD,2025-12-08,short,normal,shares,258.48,257.96714285714285,1,stop,0.5,-0.0,-2.18,3.49
GEV,2025-12-10,long,high,options,687.94,687.94,1,eod,-718.76,0.1793,10.69,3.75
PEP,2025-12-10,long,normal,shares,145.38,147.5671428571428,1,target,2.18,-0.0001,2.16,2.61
ORCL,2025-12-11,short,high,options,192.84,192.84,1,stop,-771.36,0.1907,-14.52,3.93
V,2025-12-11,long,normal,shares,329.25,334.1842857142857,1,target,4.92,-0.0002,2.11,2.01
LULU,2025-12-12,long,high,options,207.44,207.44,1,stop,-829.76,0.2032,9.39,5.58
RIVN,2025-12-12,long,normal,shares,16.67,18.200885714285718,1,target,1.52,-0.0001,2.37,2.36
GIS,2025-12-17,long,normal,shares,46.97,47.734285714285704,1,target,0.75,-0.0,2.07,2.51
MU,2025-12-18,long,normal,shares,255.89,257.44945,1,trail,1.55,-0.0001,13.75,2.61
LULU,2025-12-18,long,normal,shares,222.85,216.0239,1,stop,-6.84,0.0003,7.7,2.4
GNRC,2025-12-18,long,normal,shares,148.96,142.4371,1,stop,-6.53,0.0003,2.78,3.24
LW,2025-12-19,short,high,options,56.48,56.48,1,stop,-225.92,0.0548,-14.29,18.83
ORCL,2025-12-19,long,normal,shares,187.87,191.2476,1,trail,3.37,-0.0002,4.64,2.26
